<?xml version="1.0" encoding="UTF-8"?>
<GenRun Id="add_16x16_synth_1" LaunchPart="xc7z010clg400-1" LaunchTime="1618748220">
  <File Type="PA-TCL" Name="add_16x16.tcl"/>
  <File Type="REPORTS-TCL" Name="add_16x16_reports.tcl"/>
  <File Type="RDS-RDS" Name="add_16x16.vds"/>
  <File Type="RDS-UTIL" Name="add_16x16_utilization_synth.rpt"/>
  <File Type="RDS-UTIL-PB" Name="add_16x16_utilization_synth.pb"/>
  <File Type="RDS-DCP" Name="add_16x16.dcp"/>
  <FileSet Name="sources" Type="BlockSrcs" RelSrcDir="$PSRCDIR/add_16x16">
    <File Path="$PSRCDIR/sources_1/ip/add_16x16/add_16x16.xci">
      <FileInfo>
        <Attr Name="UsedIn" Val="synthesis"/>
        <Attr Name="UsedIn" Val="implementation"/>
        <Attr Name="UsedIn" Val="simulation"/>
      </FileInfo>
    </File>
    <Config>
      <Option Name="TopModule" Val="add_16x16"/>
      <Option Name="UseBlackboxStub" Val="1"/>
    </Config>
  </FileSet>
  <FileSet Name="constrs_in" Type="BlockSrcs" RelSrcDir="$PSRCDIR/add_16x16">
    <File Path="$PSRCDIR/sources_1/ip/add_16x16/add_16x16.xci">
      <FileInfo>
        <Attr Name="UsedIn" Val="synthesis"/>
        <Attr Name="UsedIn" Val="implementation"/>
        <Attr Name="UsedIn" Val="simulation"/>
      </FileInfo>
    </File>
    <Config>
      <Option Name="TopModule" Val="add_16x16"/>
      <Option Name="UseBlackboxStub" Val="1"/>
    </Config>
  </FileSet>
  <Strategy Version="1" Minor="2">
    <StratHandle Name="Vivado Synthesis Defaults" Flow="Vivado Synthesis 2018"/>
    <Step Id="synth_design"/>
  </Strategy>
</GenRun>
