<?xml version="1.0" encoding="UTF-8"?>
<GenRun Id="mult_synth_1" LaunchPart="xc7z010clg400-1" LaunchTime="1618748132">
  <File Type="PA-TCL" Name="mult.tcl"/>
  <File Type="REPORTS-TCL" Name="mult_reports.tcl"/>
  <File Type="RDS-RDS" Name="mult.vds"/>
  <File Type="RDS-UTIL" Name="mult_utilization_synth.rpt"/>
  <File Type="RDS-UTIL-PB" Name="mult_utilization_synth.pb"/>
  <File Type="RDS-DCP" Name="mult.dcp"/>
  <FileSet Name="sources" Type="BlockSrcs" RelSrcDir="$PSRCDIR/mult">
    <File Path="$PSRCDIR/sources_1/ip/mult/mult.xci">
      <FileInfo>
        <Attr Name="UsedIn" Val="synthesis"/>
        <Attr Name="UsedIn" Val="implementation"/>
        <Attr Name="UsedIn" Val="simulation"/>
      </FileInfo>
    </File>
    <Config>
      <Option Name="TopModule" Val="mult"/>
      <Option Name="UseBlackboxStub" Val="1"/>
    </Config>
  </FileSet>
  <FileSet Name="constrs_in" Type="BlockSrcs" RelSrcDir="$PSRCDIR/mult">
    <File Path="$PSRCDIR/sources_1/ip/mult/mult.xci">
      <FileInfo>
        <Attr Name="UsedIn" Val="synthesis"/>
        <Attr Name="UsedIn" Val="implementation"/>
        <Attr Name="UsedIn" Val="simulation"/>
      </FileInfo>
    </File>
    <Config>
      <Option Name="TopModule" Val="mult"/>
      <Option Name="UseBlackboxStub" Val="1"/>
    </Config>
  </FileSet>
  <Strategy Version="1" Minor="2">
    <StratHandle Name="Vivado Synthesis Defaults" Flow="Vivado Synthesis 2018"/>
    <Step Id="synth_design"/>
  </Strategy>
</GenRun>
